coder,debugger,passed_after_generation,number_passed_after_generation,avg_generation_time (s),average_debugging_time (s),average_total_time (s),avg_debugging_tokens,avg_total_tokens,passed_after_debugging,number_passed_after_debugging,avg_attempts_debugging,avg_CC_debugged,avg_CoG_debugged
deepseek-coder-v2,qwen3,0.7134146341463414,117,1.4500748849451224,87.72592179842688,89.175996683372,51774.76829268293,52247.79268292683,0.9207317073170732,151,1.3475609756097562,3.567073170731707,3.3680981595092025
deepseek-coder-v2,gemini-2.5-pro,0.7134146341463414,117,1.251675340548778,18.487456152670635,19.739131493219414,97404.25609756098,97811.30487804877,0.975609756097561,160,0.8902439024390244,1.146341463414634,1.1646341463414633
