coder,debugger,passed_after_generation,number_passed_after_generation,avg_generation_time,average_debugging_time,average_total_time,avg_debugging_tokens,avg_total_tokens,passed_after_debugging,number_passed_after_debugging,avg_attempts_debugging
deepseek-coder-v2,gemini-2.0-flash,0.7134146341463414,117,1.4500748849451224,4.338455742134134,5.788530627079257,83228.91463414633,83701.93902439025,0.9146341463414634,150,1.103658536585366
deepseek-coder-v2,gemini-2.5-pro,0.7134146341463414,117,1.4500748849451224,11.626216357560946,13.076291242506068,16261.40243902439,16734.426829268294,0.9939024390243902,163,0.40853658536585363
deepseek-coder-v2,deepseek-coder-v2,0.7134146341463414,117,1.4500748849451224,15.34121653592071,16.791291420865832,15475.798780487805,15948.823170731708,0.7926829268292683,130,2.231707317073171
deepseek-coder-v2,qwen3,0.7134146341463414,117,1.4500748849451224,87.72592179842688,89.175996683372,51774.76829268293,52247.79268292683,0.9207317073170732,151,1.3475609756097562
deepseek-coder-v2,no debugger,0.7134146341463414,117,1.4500748849451224,0,1.4500748849451224,0,0,0.7134146341463414,117,0