coder,debugger,passed_after_generation,number_passed_after_generation,avg_generation_time (s),average_debugging_time (s),average_total_time (s),avg_debugging_tokens,avg_total_tokens,passed_after_debugging,number_passed_after_debugging,avg_attempts_debugging,avg_CC_debugged,avg_CoG_debugged
gemini-2.0-flash,gemini-2.5-pro,0.8170731707317073,134,1.7791430304817035,93.83638749050017,95.61553052098188,218605.33333333334,40496.006097560974,0.9634146341463414,158,3.1666666666666665,3.8333333333333335,3.586206896551724
gemini-2.0-flash,qwen3,0.8170731707317073,134,1.7791430304817035,397.5359999055663,399.315142936048,168057.73333333334,31249.493902439026,0.9329268292682927,153,4.933333333333334,4.233333333333333,4.703703703703703
deepseek-coder-v2,gemini-2.5-pro,0.7134146341463414,117,1.251675340548778,64.50942146889328,65.76109680944205,339878.6808510638,97811.30487804877,0.975609756097561,160,3.106382978723404,4.0,4.0638297872340425
deepseek-coder-v2,deepseek-coder-v2,0.7134146341463414,117,1.251675340548778,52.290449590234026,53.542124930782805,32128.744680851065,9614.676829268292,0.7926829268292683,130,7.787234042553192,4.212765957446808,4.25531914893617
deepseek-coder-v2,qwen3,0.7134146341463414,117,1.251675340548778,242.3648232401066,243.6164985806554,111779.72340425532,32441.481707317074,0.926829268292683,152,4.1063829787234045,3.74468085106383,4.608695652173913
gemini-2.5-pro,gemini-2.5-pro,0.9634146341463414,158,26.445250087000016,202.39133893883323,228.83658902583323,188567.83333333334,7470.932926829269,0.9817073170731707,161,5.5,3.8333333333333335,3.3333333333333335
gemini-2.5-pro,qwen3,0.9634146341463414,158,26.445250087000016,695.1796186971669,721.6248687841669,401827.5,15273.115853658537,0.9634146341463414,158,10.0,4.666666666666667,4.0
