model,avg_deployment_time (s),avg_tokens,functions_correctly_deployed,number_functions_correctly_deployed,functions_correctly_executed,number_functions_correctly_executed,avg_invocation_attempts
gemini-2.0-flash,3.8714121516524713,1971.6524390243903,0.8536585365853658,140,0.8109756097560976,133,0.8597560975609756
qwen3,62.141905623926725,5115.115853658536,0.9146341463414634,150,0.6646341463414634,109,0.9390243902439024
gemini-2.5-pro,20.340870930237877,2201.9451219512193,0.9939024390243902,163,0.8719512195121951,143,1.0121951219512195
qwen2.5-coder,6.353257104085282,2536.2865853658536,0.9390243902439024,154,0.3231707317073171,53,1.201219512195122
