model,pass@1,generation_time,avg_execution_time_generation,avg_execution_time_canonical,avg_cc_generation,avg_cc_canonical,avg_cog_generation,avg_cog_canonical
deepseek-coder-v2,0.6524390243902439,1.4333330723414226,0.5456887826889569,0.5396259455610339,3.6402439024390243,3.067073170731707,3.4939024390243905,3.1097560975609757
deepseek-coder-v2_no_prompt,0.10975609756097561,4.0311298610548745,1.3726749443963402,0.5399795609695123,3.7134146341463414,3.067073170731707,3.731707317073171,3.1097560975609757
qwen2.5-coder,0.823170731707317,2.450870265859754,1.0645730109024392,0.5931311352439007,3.548780487804878,3.067073170731707,3.0792682926829267,3.1097560975609757
qwen2.5-coder:32b,0.8719512195121951,14.588202739426823,1.4011028264024254,0.58616167268902,3.4695121951219514,3.067073170731707,3.2560975609756095,3.1097560975609757
gemini-2.5-pro,0.9512195121951219,29.112508535804857,0.9184218711585045,0.5598635207134177,3.4146341463414633,3.067073170731707,3.1463414634146343,3.1097560975609757
gemini-2.0-flash,0.8658536585365854,1.7447068830304533,1.4379589018902752,0.5551120926098386,3.8353658536585367,3.067073170731707,4.5,3.1097560975609757
canonical,,,0.5396259455610339,,3.067073170731707,,3.1097560975609757,