pass@1,avg_execution_time_generation,avg_execution_time_canonical,avg_cc_generation,avg_cc_canonical,avg_cog_generation,avg_cog_canonical
0.6524390243902439,0.5456887826889569,0.5396259455610339,3.6402439024390243,3.067073170731707,3.4939024390243905,3.1097560975609757
