model,pass@1,avg_execution_time_generation,avg_execution_time_canonical,avg_cc_generation,avg_cc_canonical,avg_cog_generation,avg_cog_canonical
deepseek-coder-v2,0.6524390243902439,0.5456887826889569,0.5396259455610339,3.6402439024390243,3.067073170731707,3.4939024390243905,3.1097560975609757
deepseek-coder-v2_no_prompt,0.10975609756097561,1.3726749443963402,0.5399795609695123,3.7134146341463414,3.067073170731707,3.731707317073171,3.1097560975609757
qwen2.5-coder,0.823170731707317,1.0645730109024392,0.5931311352439007,3.548780487804878,3.067073170731707,3.0792682926829267,3.1097560975609757
qwen2.5-coder:32b,0.8719512195121951,1.4011028264024254,0.58616167268902,3.4695121951219514,3.067073170731707,3.2560975609756095,3.1097560975609757
